,day,closing,alpha,f,yield,datetime
0,2019/1/2,2465.29,6.94e-18,-0.0423,-0.0050100000000000006,2019-01-02
1,2019/1/3,2464.36,0.5946,-0.08997999999999999,-0.00016,2019-01-03
2,2019/1/4,2514.87,0.6498619999999999,-0.5372399999999999,0.008811,2019-01-04
3,2019/1/7,2533.09,0.988784,0.663702,0.003135,2019-01-07
4,2019/1/8,2526.46,1.2639340000000001,-0.36171,-0.00114,2019-01-08
5,2019/1/9,2544.34,0.8097409999999999,-0.529,0.0030629999999999998,2019-01-09
6,2019/1/10,2535.1,3.94e-11,-0.6524,-0.00158,2019-01-10
7,2019/1/11,2553.83,0.873626,-0.67537,0.0031969999999999998,2019-01-11
8,2019/1/14,2535.77,0.790482,-0.67729,-0.0030800000000000003,2019-01-14
9,2019/1/15,2570.34,9.230000000000001e-11,0.021883,0.005881,2019-01-15
10,2019/1/16,2570.42,0.710583,-0.17542,1.3500000000000001e-05,2019-01-16
11,2019/1/17,2559.64,1.069504,-0.8233600000000001,-0.00183,2019-01-17
12,2019/1/18,2596.01,0.8962709999999999,-1.18335,0.0061270000000000005,2019-01-18
13,2019/1/21,2610.51,8.5e-12,-0.87087,0.002419,2019-01-21
14,2019/1/22,2579.7,0.46054700000000004,0.767446,-0.0051600000000000005,2019-01-22
15,2019/1/23,2581.0,0.373778,-0.77669,0.00021899999999999998,2019-01-23
16,2019/1/24,2591.69,1.118994,-0.42878999999999995,0.001795,2019-01-24
17,2019/1/25,2601.72,1.7128849999999998,-1.4356200000000001,0.001678,2019-01-25
18,2019/1/28,2596.98,0.24315,0.49348100000000006,-0.00079,2019-01-28
19,2019/1/29,2594.25,2.322098,-0.63884,-0.00045999999999999996,2019-01-29
20,2019/1/30,2575.58,1.5687870000000002,-1.63133,-0.00314,2019-01-30
21,2019/1/31,2584.57,0.697421,-0.49351999999999996,0.001513,2019-01-31
22,2019/2/1,2618.23,0.732019,0.078661,0.005619,2019-02-01
23,2019/2/11,2653.9,1.99e-15,0.05873,0.005877,2019-02-11
24,2019/2/12,2671.89,1.858528,-1.17185,0.002934,2019-02-12
25,2019/2/13,2721.07,0.5353439999999999,-0.8691200000000001,0.007921,2019-02-13
26,2019/2/14,2719.7,1.5389709999999999,-1.17541,-0.00022,2019-02-14
27,2019/2/15,2682.39,1.1782190000000001,-0.21293,-0.006,2019-02-15
28,2019/2/18,2754.36,1.581706,-0.6613399999999999,0.011498999999999999,2019-02-18
29,2019/2/19,2755.65,0.056729999999999996,-0.053279999999999994,0.00020299999999999997,2019-02-19
30,2019/2/20,2761.22,0.059183000000000006,0.595544,0.000877,2019-02-20
31,2019/2/22,2804.23,1e-10,-0.16521,0.006712999999999999,2019-02-22
32,2019/2/25,2961.28,0.49638000000000004,-1.12933,0.023666,2019-02-25
33,2019/2/27,2953.82,0.451396,-0.063,-0.0011,2019-02-27
34,2019/2/28,2940.95,1.064147,-0.78481,-0.0019,2019-02-28
35,2019/3/1,2994.01,0.23137,0.380198,0.0077659999999999995,2019-03-01
36,2019/3/4,3027.58,0.666425,-1.1540000000000001,0.004842,2019-03-04
37,2019/3/5,3054.25,2.8e-11,-0.3205,0.0038090000000000003,2019-03-05
38,2019/3/6,3102.1,0.562341,0.663929,0.006751000000000001,2019-03-06
39,2019/3/7,3106.42,0.28336500000000003,-0.18842,0.000604,2019-03-07
40,2019/3/8,2969.86,0.08955199999999999,-0.009000000000000001,-0.01952,2019-03-08
41,2019/3/11,3026.99,1.93e-11,0.675909,0.008275,2019-03-11
42,2019/3/12,3060.31,0.47840699999999997,-0.02094,0.0047539999999999995,2019-03-12
43,2019/3/13,3026.95,0.717431,-1.13935,-0.00476,2019-03-13
44,2019/3/14,2990.69,0.553041,-0.4487,-0.005229999999999999,2019-03-14
45,2019/3/15,3021.75,0.197534,-0.44103000000000003,0.004487,2019-03-15
46,2019/3/18,3096.42,1.140045,-0.25708000000000003,0.010601000000000001,2019-03-18
47,2019/3/19,3090.98,3.47e-18,0.013002000000000001,-0.0007599999999999999,2019-03-19
48,2019/3/20,3090.64,0.031474,-0.00993,-4.8e-05,2019-03-20
49,2019/3/21,3101.46,1.93e-16,-0.20318,0.001518,2019-03-21
50,2019/3/22,3104.15,1.0034020000000001,-1.26271,0.000377,2019-03-22
51,2019/3/25,3043.03,0.394768,-0.011770000000000001,-0.00864,2019-03-25
52,2019/3/26,2997.1,1.03e-10,-0.5748,-0.0066099999999999996,2019-03-26
53,2019/3/27,3022.72,0.923599,-0.58926,0.0036969999999999998,2019-03-27
54,2019/3/28,2994.94,0.45701800000000004,0.634871,-0.0040100000000000005,2019-03-28
55,2019/3/29,3090.76,0.331009,-0.38371,0.013677000000000002,2019-03-29
56,2019/4/1,3170.36,6.679999999999999e-11,0.918266,0.011043,2019-04-01
57,2019/4/2,3176.82,0.325484,0.242662,0.000884,2019-04-02
58,2019/4/3,3216.3,0.500825,-0.9567899999999999,0.005364,2019-04-03
59,2019/4/4,3246.57,1.074732,-0.38054,0.004068,2019-04-04
60,2019/4/8,3244.81,1.0768229999999999,-0.20294,-0.00023999999999999998,2019-04-08
61,2019/4/9,3239.66,0.739581,-1.17834,-0.0006900000000000001,2019-04-09
62,2019/4/10,3241.93,8.06e-10,-0.03456,0.000304,2019-04-10
63,2019/4/11,3189.96,0.41027399999999997,-0.7239800000000001,-0.00702,2019-04-11
64,2019/4/12,3188.63,0.617698,0.386411,-0.00018,2019-04-12
65,2019/4/15,3177.79,0.36535500000000004,0.34389400000000003,-0.00148,2019-04-15
66,2019/4/16,3253.6,0.603963,0.265177,0.010239,2019-04-16
67,2019/4/17,3263.12,0.402495,-0.18195999999999998,0.001269,2019-04-17
68,2019/4/18,3250.2,5.5e-14,-0.5152399999999999,-0.00172,2019-04-18
69,2019/4/19,3270.8,0.5186029999999999,0.558074,0.002744,2019-04-19
70,2019/4/22,3215.04,0.307838,0.369732,-0.00747,2019-04-22
71,2019/4/23,3198.59,0.6400710000000001,-0.47248999999999997,-0.00223,2019-04-23
72,2019/4/24,3201.61,0.027532,0.647644,0.00041,2019-04-24
73,2019/4/25,3123.83,0.098138,-0.0818,-0.01068,2019-04-25
74,2019/4/26,3086.4,0.566761,-0.48417,-0.00524,2019-04-26
75,2019/4/29,3062.5,1.7299999999999998e-18,0.274167,-0.0033799999999999998,2019-04-29
76,2019/4/30,3078.34,5.9e-14,0.637694,0.00224,2019-04-30
77,2019/5/6,2906.46,0.938376,-0.82599,-0.02495,2019-05-06
78,2019/5/7,2926.39,0.165785,-1.01675,0.002968,2019-05-07
79,2019/5/8,2893.76,0.791137,-0.29569,-0.00487,2019-05-08
80,2019/5/9,2850.95,1.939976,-0.90917,-0.00647,2019-05-09
81,2019/5/10,2939.21,1.626795,1.2193399999999999,0.013241,2019-05-10
82,2019/5/13,2903.71,0.383494,0.04548,-0.00528,2019-05-13
83,2019/5/14,2883.61,1.012825,-0.34409,-0.00302,2019-05-14
84,2019/5/15,2938.68,0.280529,0.126226,0.008216,2019-05-15
85,2019/5/16,2955.71,0.700599,-0.68996,0.00251,2019-05-16
86,2019/5/17,2882.3,0.876969,-0.48927,-0.010920000000000001,2019-05-17
87,2019/5/20,2870.6,2.34e-12,1.218401,-0.0017699999999999999,2019-05-20
88,2019/5/21,2905.97,0.823866,-0.23872,0.005318,2019-05-21
89,2019/5/22,2891.7,0.718078,-0.44228,-0.00214,2019-05-22
90,2019/5/23,2852.52,3.54e-13,-0.41778000000000004,-0.00592,2019-05-23
91,2019/5/24,2852.99,0.47523000000000004,-0.17377,7.159999999999999e-05,2019-05-24
92,2019/5/27,2892.38,5.35e-13,-0.46468999999999994,0.005954999999999999,2019-05-27
93,2019/5/28,2909.91,1.14e-09,-0.35577,0.002624,2019-05-28
94,2019/5/29,2914.7,1.856096,-0.64581,0.000714,2019-05-29
95,2019/5/30,2905.81,5.04e-10,-0.62227,-0.00133,2019-05-30
96,2019/5/31,2898.7,0.5042439999999999,0.338798,-0.00106,2019-05-31
97,2019/6/3,2890.08,1e-10,0.32614099999999996,-0.0012900000000000001,2019-06-03
98,2019/6/4,2862.28,0.837618,-0.40607,-0.0042,2019-06-04
99,2019/6/5,2861.42,1.7299999999999998e-18,-0.031160000000000004,-0.00013000000000000002,2019-06-05
100,2019/6/6,2827.8,4.2999999999999996e-10,0.368167,-0.00513,2019-06-06
101,2019/6/10,2852.13,0.454584,0.793566,0.003721,2019-06-10
102,2019/6/11,2925.72,0.511332,0.419332,0.011063,2019-06-11
103,2019/6/12,2909.38,0.153074,-0.57304,-0.00243,2019-06-12
104,2019/6/13,2910.74,1.3924020000000001,-1.04542,0.00020299999999999997,2019-06-13
105,2019/6/14,2881.97,0.635954,-1.32533,-0.0043100000000000005,2019-06-14
106,2019/6/17,2887.62,0.546619,-0.6766399999999999,0.000851,2019-06-17
107,2019/6/18,2890.16,0.832844,-0.33931,0.00038199999999999996,2019-06-18
108,2019/6/19,2917.8,0.054782000000000004,0.019632,0.0041340000000000005,2019-06-19
109,2019/6/20,2987.12,1.127174,0.22478299999999998,0.010197,2019-06-20
110,2019/6/21,3001.98,0.537293,0.57586,0.0021550000000000002,2019-06-21
111,2019/6/24,3008.15,0.7966850000000001,0.551139,0.000892,2019-06-24
112,2019/6/25,2982.07,0.784025,0.163192,-0.0037799999999999995,2019-06-25
113,2019/6/26,2976.28,8.670000000000001e-19,0.000188,-0.00084,2019-06-26
114,2019/6/27,2996.79,0.335337,0.11218199999999999,0.002983,2019-06-27
115,2019/6/28,2978.88,0.013953,0.376865,-0.0026,2019-06-28
116,2019/7/1,3044.9,1.158308,0.6932699999999999,0.00952,2019-07-01
117,2019/7/2,3043.94,0.387021,0.964835,-0.00014,2019-07-02
118,2019/7/3,3015.26,0.837009,-0.1903,-0.00411,2019-07-03
119,2019/7/4,3005.25,0.057477999999999994,0.368689,-0.00144,2019-07-04
120,2019/7/5,3011.06,1.3106209999999998,-0.3096,0.000839,2019-07-05
121,2019/7/8,2933.36,0.583379,0.391793,-0.01135,2019-07-08
122,2019/7/9,2928.23,1.019703,-0.28967,-0.0007599999999999999,2019-07-09
123,2019/7/10,2915.3,0.7988069999999999,0.093283,-0.0019199999999999998,2019-07-10
124,2019/7/11,2917.76,0.702494,0.6151810000000001,0.000366,2019-07-11
125,2019/7/12,2930.55,0.355979,0.679381,0.0019,2019-07-12
126,2019/7/15,2942.19,0.436071,0.659882,0.0017219999999999998,2019-07-15
127,2019/7/16,2937.62,1.22674,-0.10554000000000001,-0.0006799999999999999,2019-07-16
128,2019/7/17,2931.69,0.497101,0.56284,-0.00088,2019-07-17
129,2019/7/18,2901.18,0.829399,-0.8240000000000001,-0.00454,2019-07-18
130,2019/7/19,2924.2,1.7299999999999998e-18,0.408418,0.003432,2019-07-19
131,2019/7/22,2886.97,5.9e-17,0.197125,-0.00556,2019-07-22
132,2019/7/23,2899.94,0.596881,0.181766,0.001947,2019-07-23
133,2019/7/24,2923.28,2.56e-12,-0.08665,0.003481,2019-07-24
134,2019/7/25,2937.36,5.83e-16,0.191111,0.0020870000000000003,2019-07-25
135,2019/7/26,2944.54,8.16e-15,0.675932,0.00106,2019-07-26
136,2019/7/29,2941.01,1.038073,-0.96857,-0.0005200000000000001,2019-07-29
137,2019/7/30,2952.34,0.965593,-0.43044,0.0016699999999999998,2019-07-30
138,2019/7/31,2932.51,2.36e-16,0.267081,-0.00293,2019-07-31
139,2019/8/1,2908.77,3.9299999999999996e-15,-0.0912,-0.0035299999999999997,2019-08-01
140,2019/8/2,2867.84,5.29e-17,0.765229,-0.00615,2019-08-02
141,2019/8/5,2821.5,0.668137,-0.62071,-0.00707,2019-08-05
142,2019/8/6,2777.56,0.977211,0.718454,-0.0068200000000000005,2019-08-06
143,2019/8/7,2768.68,1.050885,-0.64017,-0.00139,2019-08-07
144,2019/8/8,2794.55,2.8199999999999997e-12,1.047218,0.004039,2019-08-08
145,2019/8/9,2774.75,0.095046,-0.35928000000000004,-0.00309,2019-08-09
146,2019/8/12,2814.99,0.14488099999999998,0.906719,0.006253,2019-08-12
147,2019/8/13,2797.26,0.8933639999999999,-0.25841,-0.00274,2019-08-13
148,2019/8/14,2808.91,1.103651,-0.36391,0.001805,2019-08-14
149,2019/8/15,2815.8,0.337511,-0.25481,0.001064,2019-08-15
150,2019/8/16,2823.82,0.821304,-0.26328,0.001235,2019-08-16
151,2019/8/19,2883.1,0.139468,-0.49066000000000004,0.009023,2019-08-19
152,2019/8/20,2880.0,0.9208049999999999,-0.41893,-0.00047000000000000004,2019-08-20
153,2019/8/21,2880.33,1.8700000000000003e-12,1.3270440000000001,4.98e-05,2019-08-21
154,2019/8/22,2883.44,1.31e-11,-0.46674,0.000469,2019-08-22
155,2019/8/23,2897.43,1.861098,-1.15095,0.002102,2019-08-23
156,2019/8/26,2863.57,1.376451,-0.83094,-0.00511,2019-08-26
157,2019/8/27,2902.19,0.98508,-0.63385,0.005818,2019-08-27
158,2019/8/28,2893.76,0.726444,-0.02812,-0.00126,2019-08-28
159,2019/8/29,2890.92,0.180366,-0.18212,-0.00043,2019-08-29
160,2019/8/30,2886.24,0.277238,0.574034,-0.0007,2019-08-30
161,2019/9/2,2924.11,0.663415,0.434112,0.005661,2019-09-02
162,2019/9/3,2930.15,1.11e-16,0.195825,0.0008960000000000001,2019-09-03
163,2019/9/4,2957.41,8.759999999999999e-15,1.087264,0.0040219999999999995,2019-09-04
164,2019/9/5,2985.86,0.678068,0.565771,0.004158,2019-09-05
165,2019/9/6,2999.6,0.41501800000000005,-0.43763,0.001994,2019-09-06
166,2019/9/9,3024.74,0.875229,-0.3003,0.003625,2019-09-09
167,2019/9/10,3021.2,1.1487690000000002,-0.73819,-0.0005099999999999999,2019-09-10
168,2019/9/11,3008.81,1.069122,-0.8626,-0.0017800000000000001,2019-09-11
169,2019/9/12,3031.24,0.896797,-0.45357,0.0032259999999999997,2019-09-12
170,2019/9/16,3030.75,2.1399999999999997e-13,-0.08544,-7e-05,2019-09-16
171,2019/9/17,2978.12,1.147433,-0.71542,-0.00761,2019-09-17
172,2019/9/18,2985.66,0.9120219999999999,-0.94129,0.001098,2019-09-18
173,2019/9/19,2999.28,1.3166950000000002,-0.52482,0.001977,2019-09-19
174,2019/9/20,3006.45,0.304702,0.843153,0.001037,2019-09-20
175,2019/9/23,2977.08,1.26e-10,-0.18757000000000001,-0.00426,2019-09-23
176,2019/9/24,2985.34,0.38060700000000003,0.378396,0.0012029999999999999,2019-09-24
177,2019/9/25,2955.43,1.191138,-0.97345,-0.004370000000000001,2019-09-25
178,2019/9/26,2929.09,0.858175,0.122672,-0.00389,2019-09-26
179,2019/9/27,2932.17,0.42292799999999997,0.6429239999999999,0.00045599999999999997,2019-09-27
180,2019/9/30,2905.19,9.93e-17,-0.0138,-0.0040100000000000005,2019-09-30
181,2019/10/8,2913.57,0.33091,-0.4931,0.001251,2019-10-08
182,2019/10/9,2924.86,0.089513,0.691358,0.00168,2019-10-09
183,2019/10/10,2947.71,0.656242,-0.03247,0.0033799999999999998,2019-10-10
184,2019/10/11,2973.66,0.339466,-0.07073,0.003807,2019-10-11
185,2019/10/14,3007.88,0.272363,0.132106,0.0049689999999999995,2019-10-14
186,2019/10/15,2991.05,0.6867409999999999,0.404008,-0.00244,2019-10-15
187,2019/10/16,2978.71,0.7087399999999999,0.225064,-0.0018,2019-10-16
188,2019/10/17,2977.33,0.5843010000000001,-0.41078000000000003,-0.0002,2019-10-17
189,2019/10/18,2938.14,0.024633000000000002,-0.23995999999999998,-0.00575,2019-10-18
190,2019/10/21,2939.62,1.22925,-0.6249,0.00021899999999999998,2019-10-21
191,2019/10/22,2954.38,0.742742,-0.66486,0.002175,2019-10-22
192,2019/10/23,2941.62,0.473429,0.35651900000000003,-0.0018800000000000002,2019-10-23
193,2019/10/24,2940.92,0.319307,-0.29465,-0.0001,2019-10-24
194,2019/10/25,2954.93,0.780435,-0.030930000000000003,0.002064,2019-10-25
195,2019/10/28,2980.05,0.354342,1.179017,0.003676,2019-10-28
196,2019/10/29,2954.18,0.007006999999999999,0.548541,-0.00379,2019-10-29
197,2019/10/30,2939.32,0.403754,-0.0903,-0.0021899999999999997,2019-10-30
198,2019/10/31,2929.06,2.38e-11,-0.57509,-0.0015199999999999999,2019-10-31
199,2019/11/1,2958.2,0.581344,-0.32827,0.004299,2019-11-01
200,2019/11/4,2975.49,1.150577,-1.21815,0.002531,2019-11-04
201,2019/11/5,2991.56,0.9776370000000001,-0.33311,0.002339,2019-11-05
202,2019/11/6,2978.6,2.04e-11,-0.24433000000000002,-0.0018899999999999998,2019-11-06
203,2019/11/7,2978.71,0.745053,-0.9953299999999999,1.6e-05,2019-11-07
204,2019/11/8,2964.18,0.864475,-1.5092299999999998,-0.00212,2019-11-08
205,2019/11/11,2909.97,1.4878559999999998,-1.20086,-0.008020000000000001,2019-11-11
206,2019/11/12,2914.82,1.170806,-1.21812,0.000723,2019-11-12
207,2019/11/13,2905.24,9.55e-14,-0.17578,-0.00143,2019-11-13
208,2019/11/14,2909.87,1.277056,-1.38364,0.000692,2019-11-14
209,2019/11/15,2891.34,0.471419,-0.39302,-0.00277,2019-11-15
210,2019/11/18,2909.2,9.470000000000001e-13,0.48222,0.0026739999999999997,2019-11-18
211,2019/11/19,2933.99,1.182592,-0.49401000000000006,0.0036850000000000003,2019-11-19
212,2019/11/20,2911.05,0.725749,-0.30680999999999997,-0.0034100000000000003,2019-11-20
213,2019/11/21,2903.64,0.270663,-0.33045,-0.0011099999999999999,2019-11-21
214,2019/11/22,2885.29,2.52e-10,-0.18572,-0.00275,2019-11-22
215,2019/11/25,2906.17,0.394023,0.227647,0.0031320000000000002,2019-11-25
216,2019/11/26,2907.06,0.808634,-1.21346,0.000133,2019-11-26
217,2019/11/27,2903.19,1.313007,0.41639499999999996,-0.00058,2019-11-27
218,2019/11/28,2889.69,0.788578,0.224204,-0.00202,2019-11-28
219,2019/11/29,2871.98,0.540871,0.205166,-0.00267,2019-11-29
220,2019/12/2,2875.81,1.367085,-0.13675,0.000579,2019-12-02
221,2019/12/3,2884.7,7.67e-12,0.84562,0.00134,2019-12-03
222,2019/12/4,2878.12,0.582847,0.950441,-0.00099,2019-12-04
223,2019/12/5,2899.47,0.9899120000000001,-1.63358,0.00321,2019-12-05
224,2019/12/6,2912.01,0.501033,-0.4967,0.0018739999999999998,2019-12-06
225,2019/12/9,2914.48,1.896439,-1.36935,0.000368,2019-12-09
226,2019/12/10,2917.32,0.9134909999999999,-1.55481,0.00042300000000000004,2019-12-10
227,2019/12/11,2924.42,1.017799,-0.85931,0.001056,2019-12-11
228,2019/12/12,2915.7,0.17511600000000002,-0.34246,-0.0013,2019-12-12
229,2019/12/13,2967.68,1.273643,-1.3879700000000001,0.007673999999999999,2019-12-13
230,2019/12/16,2984.39,2.4e-15,-0.44756,0.002439,2019-12-16
231,2019/12/17,3022.42,1.107343,-1.25053,0.005499,2019-12-17
232,2019/12/18,3017.04,1.1130360000000001,-1.21021,-0.0007700000000000001,2019-12-18
233,2019/12/19,3017.07,1.292706,-0.94596,4.32e-06,2019-12-19
234,2019/12/20,3004.94,0.188851,0.263712,-0.00175,2019-12-20
235,2019/12/23,2962.75,0.483566,-0.47835,-0.00614,2019-12-23
236,2019/12/24,2982.68,1.258889,-0.28221,0.002912,2019-12-24
237,2019/12/25,2981.88,0.298064,-0.63139,-0.00011999999999999999,2019-12-25
238,2019/12/26,3007.35,1.315691,-1.8243099999999999,0.003694,2019-12-26
239,2019/12/27,3005.04,0.039438,-0.60685,-0.00033,2019-12-27
240,2019/12/30,3040.02,1.3e-18,-0.16914,0.005026,2019-12-30
241,2019/12/31,3050.12,0.5841729999999999,-0.12405999999999999,0.00144,2019-12-31
242,2020/1/2,3085.2,1.309245,-0.7052,0.004966,2020-01-02
243,2020/1/3,3083.79,6.49e-16,-0.33637,-0.0002,2020-01-03
244,2020/1/6,3083.41,0.543979,0.421458,-5.4000000000000005e-05,2020-01-06
245,2020/1/7,3104.8,0.113331,-0.5292600000000001,0.003002,2020-01-07
246,2020/1/8,3066.89,0.697871,-0.13568,-0.00534,2020-01-08
247,2020/1/9,3094.88,5.670000000000001e-11,-0.60127,0.003946,2020-01-09
248,2020/1/10,3092.29,0.272997,-0.31389,-0.00036,2020-01-10
249,2020/1/13,3115.57,0.248952,0.067134,0.003257,2020-01-13
250,2020/1/14,3106.82,0.43879799999999997,-1.09332,-0.00122,2020-01-14
251,2020/1/15,3090.04,0.71632,-0.6419100000000001,-0.00235,2020-01-15
252,2020/1/16,3074.08,0.628105,-0.97219,-0.00225,2020-01-16
253,2020/1/17,3075.5,6.409999999999999e-13,-0.21950999999999998,0.00020099999999999998,2020-01-17
254,2020/1/20,3095.79,0.062636,-0.63743,0.002856,2020-01-20
255,2020/1/21,3052.14,1.1833870000000002,-2.42351,-0.00617,2020-01-21
256,2020/1/22,3060.75,0.304772,0.309379,0.0012230000000000001,2020-01-22
257,2020/1/23,2976.53,0.6731189999999999,-0.07478,-0.01212,2020-01-23
258,2020/2/3,2746.61,0.443779,-0.40749,-0.034910000000000004,2020-02-03
259,2020/2/4,2783.29,4.1600000000000007e-17,-0.78605,0.005761,2020-02-04
260,2020/2/5,2818.09,0.590187,0.015455000000000002,0.005396,2020-02-05
261,2020/2/6,2866.51,0.061628999999999996,0.036263,0.007398999999999999,2020-02-06
262,2020/2/7,2875.96,1.382585,-0.7013,0.001429,2020-02-07
263,2020/2/10,2890.49,0.93279,-0.09043999999999999,0.002189,2020-02-10
264,2020/2/11,2901.67,0.8532700000000001,-0.13863,0.0016769999999999999,2020-02-11
265,2020/2/12,2926.9,4.0299999999999995e-13,0.428412,0.0037600000000000003,2020-02-12
266,2020/2/13,2906.07,1.2498340000000001,-1.3218,-0.0031,2020-02-13
267,2020/2/14,2917.01,7.07e-10,-0.4,0.001632,2020-02-14
268,2020/2/17,2983.62,0.284719,0.19509500000000002,0.009806,2020-02-17
269,2020/2/18,2984.97,0.679713,-0.02065,0.000196,2020-02-18
270,2020/2/19,2975.4,0.828815,-0.2787,-0.00139,2020-02-19
271,2020/2/20,3030.15,1.112698,-1.20698,0.007918999999999999,2020-02-20
272,2020/2/21,3039.67,2.0200000000000002e-11,-0.66191,0.001362,2020-02-21
273,2020/2/24,3031.23,0.6046239999999999,-0.64339,-0.00121,2020-02-24
274,2020/2/25,3013.05,0.008768000000000001,-0.46973000000000004,-0.0026100000000000003,2020-02-25
275,2020/2/26,2987.93,0.387303,0.339022,-0.00364,2020-02-26
276,2020/2/27,2991.33,3.7199999999999996e-10,-0.72983,0.0004940000000000001,2020-02-27
277,2020/2/28,2880.3,0.9462940000000001,-0.38703000000000004,-0.01643,2020-02-28
278,2020/3/2,2970.93,2.530092,-0.99129,0.013455000000000002,2020-03-02
279,2020/3/3,2992.9,0.572231,0.574447,0.0032,2020-03-03
280,2020/3/4,3011.67,1.23e-11,-0.43409,0.002715,2020-03-04
281,2020/3/5,3071.68,0.70028,0.004157,0.008569,2020-03-05
282,2020/3/6,3034.51,0.523566,0.19639700000000002,-0.0052899999999999996,2020-03-06
283,2020/3/9,2943.29,6.05e-14,-0.67375,-0.01326,2020-03-09
284,2020/3/10,2996.76,6.25e-17,0.7703939999999999,0.007819,2020-03-10
285,2020/3/11,2968.52,1.7206080000000001,-1.4991299999999999,-0.00411,2020-03-11
286,2020/3/12,2923.49,0.665804,0.14740999999999999,-0.006640000000000001,2020-03-12
287,2020/3/13,2887.43,0.6604939999999999,1.459502,-0.00539,2020-03-13
288,2020/3/16,2789.25,0.506497,-0.5823,-0.015019999999999999,2020-03-16
289,2020/3/17,2779.64,0.564236,0.341179,-0.0015,2020-03-17
290,2020/3/18,2728.76,0.492201,-0.68313,-0.008020000000000001,2020-03-18
291,2020/3/19,2702.13,0.012785,0.248784,-0.00426,2020-03-19
292,2020/3/20,2745.62,1.15e-10,-0.38763000000000003,0.006934,2020-03-20
293,2020/3/23,2660.17,0.002811,-0.41286999999999996,-0.013730000000000001,2020-03-23
294,2020/3/24,2722.44,1.1e-10,-0.34861,0.010048999999999999,2020-03-24
295,2020/3/25,2781.59,0.585673,-0.11064,0.009335,2020-03-25
296,2020/3/26,2764.91,1.92e-11,-0.004220000000000001,-0.0026100000000000003,2020-03-26
297,2020/3/27,2772.2,0.8426809999999999,-0.07264,0.001144,2020-03-27
298,2020/3/30,2747.21,4.68e-12,-0.40266,-0.0039299999999999995,2020-03-30
299,2020/3/31,2750.3,0.212864,-0.03688,0.000488,2020-03-31
300,2020/4/1,2734.52,1.0978459999999999,-0.87146,-0.0025,2020-04-01
301,2020/4/2,2780.64,0.158972,0.234265,0.007264,2020-04-02
302,2020/4/3,2763.99,0.254749,0.737672,-0.0026100000000000003,2020-04-03
303,2020/4/7,2820.76,0.070898,0.473105,0.00883,2020-04-07
304,2020/4/8,2815.37,1.796114,-1.08922,-0.0008300000000000001,2020-04-08
305,2020/4/9,2825.9,3.4700000000000004e-12,0.24433000000000002,0.001621,2020-04-09
306,2020/4/10,2796.63,0.324924,-0.5259,-0.004520000000000001,2020-04-10
307,2020/4/13,2783.05,0.672481,-0.22385,-0.0021100000000000003,2020-04-13
308,2020/4/14,2827.28,1.0956540000000001,-0.70619,0.006848000000000001,2020-04-14
309,2020/4/15,2811.17,0.82886,-0.4579,-0.00248,2020-04-15
310,2020/4/16,2819.94,0.499579,-0.6269399999999999,0.001353,2020-04-16
311,2020/4/17,2838.49,0.34657,-0.19831,0.002848,2020-04-17
312,2020/4/20,2852.55,0.492663,-0.29975,0.002146,2020-04-20
313,2020/4/21,2827.01,0.129778,-0.93191,-0.00391,2020-04-21
314,2020/4/22,2843.98,0.387838,-1.06158,0.0025989999999999997,2020-04-22
315,2020/4/23,2838.5,0.229073,0.670135,-0.00084,2020-04-23
316,2020/4/24,2808.53,0.598406,-0.35794000000000004,-0.00461,2020-04-24
317,2020/4/27,2815.49,0.70214,0.212207,0.001075,2020-04-27
318,2020/4/28,2810.02,0.994295,0.115167,-0.00084,2020-04-28
319,2020/4/29,2822.44,0.732911,-1.28768,0.0019149999999999998,2020-04-29
320,2020/4/30,2860.08,1.046522,-0.67378,0.005753,2020-04-30
321,2020/5/6,2878.14,0.277798,1.247452,0.002734,2020-05-06
322,2020/5/7,2871.52,1.320503,-0.7801,-0.001,2020-05-07
323,2020/5/8,2895.34,0.8559889999999999,-0.95105,0.003588,2020-05-08
324,2020/5/11,2894.8,0.530658,-0.22976999999999997,-8.1e-05,2020-05-11
325,2020/5/12,2891.56,3.4400000000000003e-12,0.0067989999999999995,-0.00049,2020-05-12
326,2020/5/13,2898.05,0.416666,0.178682,0.000974,2020-05-13
327,2020/5/14,2870.34,0.06919299999999999,0.07589,-0.00417,2020-05-14
328,2020/5/15,2868.46,3.33e-11,0.089396,-0.00028,2020-05-15
329,2020/5/18,2875.42,0.6054609999999999,0.007234999999999999,0.001052,2020-05-18
330,2020/5/19,2898.58,2.12e-10,0.337014,0.0034840000000000006,2020-05-19
331,2020/5/20,2883.74,8.48e-10,-1.51905,-0.00223,2020-05-20
332,2020/5/21,2867.92,1.0400000000000001e-09,-0.46557,-0.0023899999999999998,2020-05-21
333,2020/5/22,2813.77,0.8674149999999999,-0.5139100000000001,-0.00828,2020-05-22
334,2020/5/25,2817.97,1.1016700000000001,0.002774,0.000648,2020-05-25
335,2020/5/26,2846.55,1.098048,-1.31358,0.004382,2020-05-26
336,2020/5/27,2836.8,1.001163,-1.02158,-0.00149,2020-05-27
337,2020/5/28,2846.22,4.52e-15,-0.31444,0.00144,2020-05-28
338,2020/5/29,2852.35,0.754061,-0.12277,0.0009339999999999999,2020-05-29
339,2020/6/1,2915.43,0.033647,1.0616299999999999,0.0095,2020-06-01
340,2020/6/2,2921.4,7.200000000000001e-13,0.28120500000000004,0.0008880000000000001,2020-06-02
341,2020/6/3,2923.37,0.762228,-0.50853,0.000293,2020-06-03
342,2020/6/4,2919.25,0.464983,0.361718,-0.00061,2020-06-04
343,2020/6/5,2930.8,0.041668000000000004,0.667126,0.001715,2020-06-05
344,2020/6/8,2937.77,0.458244,0.277878,0.001032,2020-06-08
345,2020/6/9,2956.11,1.464102,-0.98946,0.002703,2020-06-09
346,2020/6/10,2943.75,0.452083,0.41289,-0.00182,2020-06-10
347,2020/6/11,2920.9,2.158686,-1.93615,-0.0033799999999999998,2020-06-11
348,2020/6/12,2919.74,0.823154,-0.72405,-0.00016999999999999999,2020-06-12
349,2020/6/15,2890.03,0.38757800000000003,0.38555,-0.0044399999999999995,2020-06-15
350,2020/6/16,2931.75,0.9702299999999999,0.874276,0.006225,2020-06-16
351,2020/6/17,2935.87,1.8035720000000002,-1.31203,0.00061,2020-06-17
352,2020/6/18,2939.32,1.9100000000000002e-17,0.523258,0.0005099999999999999,2020-06-18
353,2020/6/19,2967.63,1.02e-15,0.076799,0.004163,2020-06-19
354,2020/6/22,2965.27,1.1881,-1.12199,-0.00035,2020-06-22
355,2020/6/23,2970.62,1.078929,-0.9502700000000001,0.0007830000000000001,2020-06-23
356,2020/6/24,2979.55,2.8800000000000002e-12,-0.38965,0.0013039999999999998,2020-06-24
357,2020/6/29,2961.52,0.388667,0.51356,-0.00264,2020-06-29
358,2020/6/30,2984.67,0.075012,0.26129,0.003382,2020-06-30
359,2020/7/1,3025.98,0.22977199999999998,0.11333299999999999,0.0059700000000000005,2020-07-01
360,2020/7/2,3090.57,0.290133,-0.06757,0.009173,2020-07-02
361,2020/7/3,3152.81,1.136136,-0.52115,0.008659,2020-07-03
362,2020/7/6,3332.88,7.31e-11,-0.029810000000000003,0.024122,2020-07-06
363,2020/7/7,3345.34,0.153071,1.4683700000000002,0.001621,2020-07-07
364,2020/7/8,3403.44,0.692716,-0.16552,0.007478,2020-07-08
365,2020/7/9,3450.59,6.94e-18,0.045658,0.005975,2020-07-09
366,2020/7/10,3383.32,0.855617,-1.09107,-0.00855,2020-07-10
367,2020/7/13,3443.29,2.98e-12,0.389251,0.007631000000000001,2020-07-13
368,2020/7/14,3414.62,0.359038,0.095898,-0.0036299999999999995,2020-07-14
369,2020/7/15,3361.3,1.22e-12,0.415763,-0.006840000000000001,2020-07-15
370,2020/7/16,3210.1,1.556301,-1.7461400000000002,-0.01999,2020-07-16
371,2020/7/17,3214.13,2.46e-15,0.840441,0.000545,2020-07-17
372,2020/7/20,3314.15,1.5699999999999997e-10,0.384689,0.013309,2020-07-20
373,2020/7/21,3320.89,0.675458,-0.75627,0.0008820000000000001,2020-07-21
374,2020/7/22,3333.16,3.68e-11,-0.34441,0.001602,2020-07-22
375,2020/7/23,3325.11,0.8757790000000001,-0.96055,-0.00105,2020-07-23
376,2020/7/24,3196.77,0.914429,0.476325,-0.01709,2020-07-24
377,2020/7/27,3205.23,0.632124,0.5996520000000001,0.0011480000000000001,2020-07-27
378,2020/7/28,3227.96,0.8694120000000001,-0.04305,0.003069,2020-07-28
379,2020/7/29,3294.55,1.651607,-1.18054,0.008868000000000001,2020-07-29
380,2020/7/30,3286.82,0.698689,-0.38866,-0.0010199999999999999,2020-07-30
381,2020/7/31,3310.01,0.77031,-0.48912,0.003053,2020-07-31
382,2020/8/3,3367.97,0.502686,-0.60017,0.007539,2020-08-03
383,2020/8/4,3371.69,0.320758,-0.0104,0.000479,2020-08-04
384,2020/8/5,3377.56,2.35e-11,1.047264,0.000755,2020-08-05
385,2020/8/6,3386.46,1.010602,-0.45227,0.001143,2020-08-06
386,2020/8/7,3354.04,0.83129,0.548081,-0.00418,2020-08-07
387,2020/8/10,3379.25,0.522018,-0.37673,0.003252,2020-08-10
388,2020/8/11,3340.29,0.977605,-0.61978,-0.00504,2020-08-11
389,2020/8/12,3319.27,0.666791,0.439859,-0.00274,2020-08-12
390,2020/8/13,3320.73,1.000046,-0.9219299999999999,0.00019099999999999998,2020-08-13
391,2020/8/14,3360.1,0.435501,-0.10166,0.005118999999999999,2020-08-14
392,2020/8/17,3438.8,0.356133,-0.52979,0.010055,2020-08-17
393,2020/8/18,3451.09,1.353899,-0.51639,0.001549,2020-08-18
394,2020/8/19,3408.13,0.054841999999999995,-0.8814,-0.0054399999999999995,2020-08-19
395,2020/8/20,3363.9,1.64e-11,-0.90489,-0.0056700000000000006,2020-08-20
396,2020/8/21,3380.68,0.685024,0.505495,0.0021609999999999997,2020-08-21
397,2020/8/24,3385.64,0.598037,-0.21555,0.000637,2020-08-24
398,2020/8/25,3373.58,1.21e-14,-0.8807299999999999,-0.00155,2020-08-25
399,2020/8/26,3329.74,2.8e-11,-0.5203800000000001,-0.005679999999999999,2020-08-26
400,2020/8/27,3350.11,0.777037,0.19380899999999998,0.002649,2020-08-27
401,2020/8/28,3403.81,0.239096,-0.53086,0.006906,2020-08-28
402,2020/8/31,3395.68,0.168158,-0.37,-0.0010400000000000001,2020-08-31
403,2020/9/1,3410.61,0.5061899999999999,-0.12942,0.001905,2020-09-01
404,2020/9/2,3404.8,0.878639,-1.7616599999999998,-0.00074,2020-09-02
405,2020/9/3,3384.98,0.446136,0.071313,-0.0025399999999999997,2020-09-03
406,2020/9/4,3355.37,2.0800000000000003e-17,-0.02497,-0.0038200000000000005,2020-09-04
407,2020/9/7,3292.59,0.258126,-1.0521399999999999,-0.0082,2020-09-07
408,2020/9/8,3316.42,3.39e-11,0.14306300000000002,0.0031320000000000002,2020-09-08
409,2020/9/9,3254.63,0.27991,0.076655,-0.00817,2020-09-09
410,2020/9/10,3234.82,0.254766,-0.023880000000000002,-0.00265,2020-09-10
411,2020/9/11,3260.35,0.748659,0.510793,0.003414,2020-09-11
412,2020/9/14,3278.81,1.116743,-1.63459,0.0024519999999999998,2020-09-14
413,2020/9/15,3295.68,1.022492,-0.38672,0.002229,2020-09-15
414,2020/9/16,3283.92,0.406648,0.352475,-0.00155,2020-09-16
415,2020/9/17,3270.44,1.045552,-0.5856899999999999,-0.00179,2020-09-17
416,2020/9/18,3338.09,8.21e-11,-0.33760999999999997,0.008892,2020-09-18
417,2020/9/21,3316.94,5.18e-13,-0.2682,-0.0027600000000000003,2020-09-21
418,2020/9/22,3274.3,0.705331,0.080381,-0.00562,2020-09-22
419,2020/9/23,3279.71,0.5285380000000001,-0.3537,0.000717,2020-09-23
420,2020/9/24,3223.18,0.22690300000000002,-0.25093000000000004,-0.00755,2020-09-24
421,2020/9/25,3219.42,0.81798,-1.32681,-0.0005099999999999999,2020-09-25
422,2020/9/28,3217.53,0.280659,0.176839,-0.00026000000000000003,2020-09-28
423,2020/9/29,3224.36,0.64752,0.051517999999999994,0.000921,2020-09-29
424,2020/9/30,3218.05,7.640000000000001e-15,0.119025,-0.00085,2020-09-30
425,2020/10/9,3272.08,1.89e-16,0.27628600000000003,0.0072310000000000004,2020-10-09
426,2020/10/12,3358.47,2.78e-12,0.164022,0.011318,2020-10-12
427,2020/10/13,3359.75,0.636275,-0.6674,0.000165,2020-10-13
428,2020/10/14,3340.78,1.11e-10,0.665511,-0.00246,2020-10-14
429,2020/10/15,3332.18,1.5123360000000001,-0.60406,-0.00112,2020-10-15
430,2020/10/16,3336.36,0.396094,-1.0695,0.000544,2020-10-16
431,2020/10/19,3312.67,0.9285899999999999,-0.5479,-0.00309,2020-10-19
432,2020/10/20,3328.1,0.593873,0.054664,0.002018,2020-10-20
433,2020/10/21,3325.02,0.836665,0.011059999999999999,-0.0004,2020-10-21
434,2020/10/22,3312.5,0.6015050000000001,-0.9914,-0.00164,2020-10-22
435,2020/10/23,3278.0,0.6848029999999999,-0.67073,-0.00455,2020-10-23
436,2020/10/26,3251.12,1.339646,-0.15997999999999998,-0.00358,2020-10-26
437,2020/10/27,3254.32,2.97e-11,0.5272939999999999,0.00042699999999999997,2020-10-27
438,2020/10/28,3269.24,0.18171400000000001,0.040602,0.001987,2020-10-28
439,2020/10/29,3272.73,0.5017560000000001,0.965042,0.000463,2020-10-29
440,2020/10/30,3224.53,0.898136,-0.22691,-0.00644,2020-10-30
441,2020/11/2,3225.12,0.6564760000000001,0.38837,7.950000000000001e-05,2020-11-02
442,2020/11/3,3271.07,3.71e-12,0.25966100000000003,0.006144,2020-11-03
443,2020/11/4,3277.44,1.1590129999999998,-0.33213000000000004,0.0008449999999999999,2020-11-04
444,2020/11/5,3320.13,0.674942,0.010028,0.00562,2020-11-05
445,2020/11/6,3312.16,0.24763600000000002,0.920163,-0.0010400000000000001,2020-11-06
446,2020/11/9,3373.73,0.637265,-0.41598999999999997,0.007999,2020-11-09
447,2020/11/10,3360.15,0.575832,0.223264,-0.00175,2020-11-10
448,2020/11/11,3342.2,0.31904299999999997,-0.24169000000000002,-0.00233,2020-11-11
449,2020/11/12,3338.68,1.232393,-1.7048,-0.00045999999999999996,2020-11-12
450,2020/11/13,3310.1,0.8672790000000001,-1.00152,-0.00373,2020-11-13
451,2020/11/16,3346.97,0.659317,-0.040889999999999996,0.004811,2020-11-16
452,2020/11/17,3339.9,0.7862979999999999,-0.6822,-0.0009199999999999999,2020-11-17
453,2020/11/18,3347.3,0.82405,-0.5415800000000001,0.0009609999999999999,2020-11-18
454,2020/11/19,3363.09,0.143643,-0.15394000000000002,0.0020440000000000002,2020-11-19
455,2020/11/20,3377.73,1.638239,-1.03793,0.0018859999999999999,2020-11-20
456,2020/11/23,3414.49,0.479846,0.6927260000000001,0.0047009999999999994,2020-11-23
457,2020/11/24,3402.82,0.37344,-0.14837,-0.00149,2020-11-24
458,2020/11/25,3362.33,0.63927,1.216568,-0.0052,2020-11-25
459,2020/11/26,3369.73,9.53e-14,0.46838500000000005,0.0009550000000000001,2020-11-26
460,2020/11/27,3408.31,1.376725,-1.10342,0.004944,2020-11-27
461,2020/11/30,3391.76,4.89e-16,0.43272700000000003,-0.0021100000000000003,2020-11-30
462,2020/12/1,3451.94,0.676984,-0.9620700000000001,0.007638,2020-12-01
463,2020/12/2,3449.38,1.7074340000000001,-1.32649,-0.00032,2020-12-02
464,2020/12/3,3442.14,1.712923,-1.1530799999999999,-0.00091,2020-12-03
465,2020/12/4,3444.58,0.28439899999999996,-0.5846899999999999,0.000308,2020-12-04
466,2020/12/7,3416.6,0.9928459999999999,0.23106999999999997,-0.0035399999999999997,2020-12-07
467,2020/12/8,3410.18,0.10045,0.859568,-0.00082,2020-12-08
468,2020/12/9,3371.96,0.9275530000000001,0.026742000000000002,-0.00489,2020-12-09
469,2020/12/10,3373.28,5.160000000000001e-11,-0.47623000000000004,0.00016999999999999999,2020-12-10
470,2020/12/11,3347.19,0.706699,-0.16257,-0.00337,2020-12-11
471,2020/12/14,3369.12,1.018025,-0.6542100000000001,0.002836,2020-12-14
472,2020/12/15,3367.23,0.791613,-0.9436399999999999,-0.00023999999999999998,2020-12-15
473,2020/12/16,3366.98,0.29736,0.146866,-3.2e-05,2020-12-16
474,2020/12/17,3404.87,2.78e-17,0.314021,0.00486,2020-12-17
475,2020/12/18,3394.9,0.239681,0.416092,-0.0012699999999999999,2020-12-18
476,2020/12/21,3420.57,0.9082629999999999,0.5113449999999999,0.003271,2020-12-21
477,2020/12/22,3356.78,0.721955,0.12341500000000001,-0.00818,2020-12-22
478,2020/12/23,3382.32,0.066069,0.506113,0.0032920000000000002,2020-12-23
479,2020/12/24,3363.11,0.687926,0.252415,-0.00247,2020-12-24
480,2020/12/25,3396.56,4.3200000000000003e-11,-0.053470000000000004,0.004298,2020-12-25
481,2020/12/28,3397.29,0.647671,-0.18930999999999998,9.329999999999999e-05,2020-12-28
482,2020/12/29,3379.04,1.21092,-1.8901299999999999,-0.00234,2020-12-29
483,2020/12/30,3414.45,0.470689,-1.0045899999999999,0.004527000000000001,2020-12-30
484,2020/12/31,3473.07,0.164028,0.34215,0.007393,2020-12-31
